Title,Category,Duration,Content Rating,Release Date,Director,Writer
Ke Ku 'Ana,"Action,Crime,Drama",42min,,TV Episode,,
"Bad Dads ,",,,,,,
"CBS Summer Preview ,",,12min,",","TV Movie 16 June 2015
,","Julie Chen,Halle Berry,Jeffrey Dean Morgan",
"The Making of Spike Island ,","Documentary,Short,Music",,",","Video 14 October 2013
,","Oliver Heald,Adam Long,Nico Mirallegro",
Episode dated 10 October 2016,News,30min,",","Episode aired 10 October 2016
,",,
Guest Co-Host Boris Kodjoe/Idina Menzel/Cameron Mathison,Talk-Show,1h,",","Episode aired 10 October 2016
,",,
